<?xml version="1.0" encoding="UTF-8"?>
<!DOCTYPE mapper PUBLIC "-//mybatis.org//DTD Mapper 3.0//EN" "http://mybatis.org/dtd/mybatis-3-mapper.dtd">
<mapper namespace="com.spring.data.mapper.LoginMapper">

	<insert id="insertAdult" parameterType="Block">
		<![CDATA[
			INSERT INTO adult (name, regNum, address, id, pw, pinPw) VALUES (#{name}, #{regNum}, #{address}, #{id}, #{pw}, #{pinPw});
		]]>
	</insert>
	
	
	<insert id="insertLicense" parameterType="LicenseBlock">
		<![CDATA[
			INSERT INTO license (name, regNum, licenseNum, licenseName) VALUES (#{name}, #{regNum}, #{licenseNum}, #{licenseName});
		]]>
	</insert>
	
	
	<insert id="insertPassport" parameterType="PassportBlock">
		<![CDATA[
			INSERT INTO passport (nation, engNation, name, engName, regNum, passportNum, end) VALUES (#{nation}, #{engNation}, #{name}, #{engName}, #{regNum}, #{passportNum}, #{end});
		]]>
	</insert>
	
	
	<insert id="insertLogin" parameterType="LoginDTO">
		<![CDATA[
			INSERT INTO login (id, pw, pinPw, hashPw) VALUES (#{id}, #{pw}, #{pinPw}, sha2(#{pinPw}, 256));
		]]>
	</insert>
	
	<insert id="insertHashAdmin" parameterType="HashAdminDTO">
		<![CDATA[
			INSERT INTO hashAdmin (regNum, pinPw, hashPw) VALUES (#{regNum}, #{pinPw}, sha2(#{pinPw}, 256));
		]]>
	</insert>
	
	<select id="selectLoginId" parameterType="String" resultType="Integer">
		<![CDATA[
			SELECT num FROM login WHERE id = #{id};
		]]>
	</select>
	
	<select id="selectLoginPw" parameterType="String" resultType="Integer">
		<![CDATA[
			SELECT num FROM login WHERE pw = #{pw};
		]]>
	</select>
	
	<select id="selectForget" parameterType="String" resultType="Integer">
		<![CDATA[
			SELECT num FROM login WHERE pinPw = #{pinPw};
		]]>		
	</select>
	
	<select id="selectId" parameterType="Integer" resultType="String">
		<![CDATA[
			SELECT id FROM login WHERE num = #{num};
		]]>		
	</select>
	
	<select id="selectPw" parameterType="Integer" resultType="String">
		<![CDATA[
			SELECT pw FROM login WHERE num = #{num};
		]]>		
	</select>
	
	<select id="selectregNum" parameterType="String" resultType="String">
		<![CDATA[
			SELECT regNum FROM adult WHERE id = #{id};
		]]>
	</select>
	
	<select id="selectFindId" parameterType="String" resultType="String">
		<![CDATA[
			SELECT id FROM adult WHERE regNum = #{regNum};
		]]>
	</select>
	
	<select id="selectBlockOne" parameterType="String" resultType="Block">
		<![CDATA[
			SELECT * FROM adult WHERE id = #{id};
		]]>
	</select>
	
	<select id="selectLicenseOne" parameterType="String" resultType="LicenseBlock">
		<![CDATA[
			SELECT * FROM license WHERE regNum = #{regNum};
		]]>
	</select>
	
	<select id="selectPassportOne" parameterType="String" resultType="PassportBlock">
		<![CDATA[
			SELECT * FROM passport WHERE regNum = #{regNum};
		]]>
	</select>
	
	<select id="selectHashPw" parameterType="String" resultType="String">
		<![CDATA[
			SELECT hashPw FROM hashAdmin WHERE pinPw = #{pinPw};
		]]>
	</select>
	
	<select id="selectHashPwLogin" parameterType="String" resultType="String">
		<![CDATA[
			SELECT hashPw FROM login WHERE pinPw = #{pinPw};
		]]>
	</select>

</mapper>